category,mean,median,std,count
stocks,0.05590063963350588,0.0581408823021509,0.11689420481740752,87
crypto,0.04121428594754164,0.0471237048040338,0.13806592751383223,86
fixed,0.03254894725688645,0.02445408534258135,0.08508125830486052,68
