regime,observations,mean,std,min,max,skewness,kurtosis
normal,1433,0.00040710212260496666,0.007293581369204419,-0.0359255421085777,0.0249812809571866,-0.506576909246167,2.6951407831774903
high_volatility,383,0.0001844684278017127,0.01399451288060013,-0.0616090618982309,0.0908948798330364,0.26690812065706654,6.313506891224751
low_volatility,55,-0.0002943864537524441,0.004140808751799658,-0.0140254415236455,0.0101563148781058,-0.5262296943912701,1.597953347119133
