category,significant_5pct,total_events,pct_significant
crypto,4,204.0,1.9607843137254901
fixed,7,204.0,3.4313725490196076
stocks,3,203.0,1.477832512315271
