event_time,^GSPC,DX-Y.NYB
-1,-7.228014483236697e-19,0.0006701600126318595
0,-1.4456028966473392e-19,-0.003937899332940729
