,mean_car,median_car,std_car,min_car,max_car,positive_events,negative_events,total_events
^GSPC,-1.4456028966473392e-19,-1.3010426069826053e-18,5.18727764373787e-18,-6.938893903907228e-18,7.806255641895632e-18,2.0,3.0,6.0
DX-Y.NYB,-0.003937899332940729,-0.0035304838095818517,0.004513322269080239,-0.00882774714655057,0.0005338318490338582,2.0,4.0,6.0
