series,total_return,annualized_return,annualized_volatility,sharpe_ratio,sortino_ratio,max_drawdown,calmar_ratio,win_rate,skewness,kurtosis
stocks_SP500_cumret_1d,0.6374303924619839,0.08589971064193579,0.1431119688115804,0.600227300031281,0.6699737213531938,-0.2933661511862452,0.2928071636574114,36.844919786096256,-0.018872195189572883,9.885475895751357
